forum_topic,post_id
cooking,65802
travel,83073
productivity,2072
gardening,1089
buddhism,10510
health,10095
cooking,15068
sports,14498
history,46232
productivity,16866
gardening,24337
fitness,38610
diy,5031
history,37842
mythology,288
health,14250
buddhism,11263
buddhism,17731
fitness,34215
parenting,23416
interpersonal,10098
productivity,7815
travel,118135
pets,15685
mythology,1825
parenting,4568
sports,10478
buddhism,8775
sports,18721
cooking,33065
travel,79736
pets,18252
interpersonal,13163
mythology,1812
cooking,43616
pets,17110
cooking,87669
cooking,10639
health,10090
history,1809
outdoors,518
interpersonal,1292
gardening,29040
productivity,14612
cooking,17802
cooking,76095
sports,15180
travel,19814
sports,1762
health,14023
outdoors,6575
cooking,7382
health,11575
productivity,10953
pets,20940
gardening,23221
pets,7124
productivity,4849
history,41911
mythology,3444
outdoors,8286
gardening,9075
pets,9351
diy,1540
diy,88436
outdoors,15876
history,45442
cooking,82530
productivity,17674
sports,10691
outdoors,15552
health,14351
mythology,638
fitness,9555
buddhism,1676
cooking,60298
health,14520
diy,124294
gardening,8005
interpersonal,12569
fitness,25759
fitness,9808
productivity,124
diy,1212
health,10038
pets,11373
gardening,30038
interpersonal,160
productivity,14761
outdoors,12957
history,42219
health,12198
pets,2096
pets,2778
sports,2072
outdoors,14604
parenting,23930
productivity,7607
gardening,38095
diy,119159
cooking,89841
cooking,24752
mythology,2627
gardening,29759
gardening,20203
mythology,925
history,21180
buddhism,25235
interpersonal,5065
productivity,12343
fitness,7573
gardening,14522
fitness,903
health,14474
diy,141467
diy,108734
interpersonal,10073
travel,96426
history,8837
health,13255
travel,9536
interpersonal,7413
pets,21213
productivity,994
gardening,22373
sports,2031
gardening,25111
history,40259
diy,109827
sports,16397
health,13666
fitness,7179
buddhism,26521
history,30691
health,5452
outdoors,11479
fitness,16723
fitness,29515
buddhism,1597
history,838
mythology,572
health,9808
pets,19017
diy,138554
history,9149
health,3872
fitness,34297
productivity,1688
mythology,1555
gardening,22846
fitness,25093
fitness,28505
travel,95135
outdoors,19633
gardening,22254
buddhism,19930
diy,32897
diy,9363
gardening,32828
cooking,16054
sports,15226
outdoors,10223
gardening,8875
health,11260
pets,1636
history,4483
sports,12160
fitness,3716
outdoors,15016
cooking,68871
travel,47586
interpersonal,4773
buddhism,3870
mythology,1596
diy,32449
health,10401
cooking,20207
parenting,5683
health,9627
outdoors,9666
cooking,35524
parenting,33879
outdoors,15708
cooking,25102
sports,8692
health,9138
fitness,10263
fitness,18108
diy,52245
cooking,29467
cooking,46242
productivity,9068
buddhism,12183
mythology,200
pets,514
mythology,39
buddhism,28431
outdoors,5292
gardening,34792
fitness,18332
health,7305
travel,79103
buddhism,20919
fitness,13469
diy,140634
history,71
parenting,29045
mythology,2121
pets,5586
productivity,2619
gardening,3977
gardening,7346
history,41050
buddhism,12981
outdoors,13889
gardening,37170
interpersonal,12796
cooking,91097
buddhism,15890
parenting,16490
fitness,24466
parenting,32856
history,32167
travel,36519
history,36297
productivity,17454
cooking,49869
history,1835
pets,7717
outdoors,19384
mythology,4631
sports,12232
mythology,4604
outdoors,4432
mythology,4688
outdoors,9271
fitness,12453
mythology,219
productivity,9373
travel,115098
productivity,8790
gardening,18124
sports,4708
pets,17223
diy,40368
parenting,22784
health,16816
productivity,17953
health,7632
sports,13644
sports,16922
diy,32743
diy,29742
interpersonal,8789
interpersonal,12655
cooking,46901
cooking,8402
fitness,1710
diy,114061
pets,20259
health,4714
interpersonal,12183
fitness,31973
buddhism,18729
pets,15101
gardening,29165
diy,44167
history,47521
pets,19792
history,43131
productivity,9637
outdoors,10723
cooking,34252
travel,81987
mythology,1599
history,39814
cooking,22871
productivity,5093
health,13656
interpersonal,10750
cooking,37637
outdoors,6154
fitness,24018
interpersonal,8130
interpersonal,14650
sports,144
pets,19414
mythology,994
gardening,38740
fitness,9618
gardening,23689
sports,1660
mythology,1268
cooking,85722
productivity,10822
sports,2083
productivity,9402
mythology,309
pets,3274
fitness,15869
interpersonal,3702
productivity,17793
health,16742
mythology,2875
history,9312
diy,25565
diy,127571
travel,26646
outdoors,16634
diy,2568
diy,5839
productivity,14788
cooking,3349
sports,14469
diy,117747
productivity,15372
health,3300
buddhism,1443
diy,58436
outdoors,15186
health,3310
gardening,24323
buddhism,116
gardening,28947
interpersonal,14097
interpersonal,16264
sports,9148
outdoors,439
history,41625
parenting,18027
parenting,18874
health,13150
gardening,31116
health,4804
travel,116180
sports,16131
buddhism,12733
interpersonal,623
history,42306
travel,90819
buddhism,7663
fitness,7048
parenting,28573
pets,16239
gardening,28871
fitness,25123
parenting,16202
travel,101396
diy,64412
gardening,22301
gardening,37614
interpersonal,2353
cooking,18850
mythology,2102
gardening,7076
travel,114528
travel,85135
outdoors,296
interpersonal,2459
buddhism,24488
outdoors,5995
history,42235
sports,10360
productivity,8073
gardening,20052
pets,16871
diy,55493
mythology,722
sports,5607
interpersonal,14776
mythology,1487
pets,21010
diy,133624
travel,105753
fitness,10200
outdoors,443
parenting,31334
cooking,51853
history,46399
mythology,2097
outdoors,7606
history,6038
fitness,22318
sports,3403
parenting,21648
pets,18228
mythology,5055
pets,9673
parenting,24242
pets,11599
outdoors,9662
pets,1070
history,47491
cooking,73819
productivity,11963
interpersonal,10516
fitness,6742
mythology,3511
productivity,12059
diy,136818
history,20910
productivity,3354
parenting,28907
travel,120948
history,28659
cooking,42898
buddhism,25495
mythology,131
travel,96138
travel,21287
fitness,6483
outdoors,11014
pets,6426
interpersonal,5710
productivity,9533
sports,7258
history,17779
diy,106666
gardening,28643
buddhism,3656
productivity,195
mythology,957
cooking,62206
buddhism,10048
fitness,12173
outdoors,19603
outdoors,16927
buddhism,9111
interpersonal,807
mythology,3013
pets,3111
fitness,36389
outdoors,3701
cooking,73700
travel,89415
history,33527
pets,21104
pets,738
diy,63563
health,9445
parenting,5766
pets,2442
interpersonal,6112
interpersonal,210
fitness,9388
diy,1100
health,1133
fitness,4068
mythology,1383
gardening,29825
buddhism,25608
history,5620
interpersonal,5638
productivity,4665
interpersonal,14515
pets,19834
interpersonal,16684
parenting,28162
fitness,19691
history,32497
gardening,8290
fitness,14301
outdoors,677
health,11530
cooking,76455
diy,58784
mythology,506
diy,110030
productivity,539
diy,145463
cooking,82646
gardening,35500
diy,127236
parenting,12299
parenting,27722
interpersonal,6550
outdoors,1556
buddhism,24370
travel,43428
health,11488
fitness,14673
outdoors,19758
fitness,31255
outdoors,13267
productivity,3833
travel,92867
gardening,35596
parenting,30670
productivity,12612
gardening,3859
sports,4246
pets,1925
mythology,3259
diy,133235
sports,4381
buddhism,8985
mythology,1140
fitness,34234
interpersonal,12999
pets,1
cooking,84465
gardening,32660
diy,99709
fitness,1387
interpersonal,14877
gardening,36314
mythology,2126
fitness,6939
travel,57947
productivity,9386
history,46131
outdoors,1670
parenting,20616
health,15119
travel,24092
parenting,11540
sports,4976
health,1705
outdoors,4805
cooking,57170
fitness,6110
pets,15711
fitness,2462
travel,38908
mythology,4992
cooking,51551
cooking,45927
gardening,20234
buddhism,2626
buddhism,21363
travel,52320
interpersonal,11700
buddhism,26865
fitness,27872
interpersonal,5996
travel,38911
mythology,4584
travel,37436
interpersonal,13441
gardening,5048
fitness,7937
fitness,28809
outdoors,17842
history,46610
travel,14673
fitness,32877
parenting,23254
sports,73
cooking,3924
sports,4319
history,20697
travel,79350
cooking,76049
travel,92755
diy,105975
parenting,30467
travel,120941
sports,394
interpersonal,17089
parenting,8327
mythology,3148
buddhism,9777
parenting,33694
parenting,23635
buddhism,25758
productivity,13755
parenting,14567
interpersonal,17495
pets,13891
productivity,14350
productivity,14716
sports,1773
diy,72657
outdoors,6944
cooking,83507
diy,652
productivity,9062
history,27472
history,19374
buddhism,26248
health,9132
pets,19456
gardening,13530
sports,1229
health,5432
outdoors,655
parenting,14650
pets,20561
productivity,12257
diy,24758
gardening,38588
mythology,4646
sports,1175
gardening,3810
diy,78454
productivity,2297
productivity,1387
interpersonal,8824
interpersonal,14502
productivity,1360
history,5659
health,172
diy,122038
cooking,49558
fitness,37309
diy,102260
gardening,4290
travel,61079
cooking,75708
outdoors,15123
travel,86329
sports,18853
buddhism,15976
outdoors,9277
gardening,5710
interpersonal,16106
sports,16669
outdoors,4864
mythology,2805
diy,130315
outdoors,3433
parenting,8763
travel,53140
gardening,29318
health,10489
productivity,14189
travel,116963
cooking,8539
buddhism,18283
history,23930
parenting,5672
health,16942
cooking,37969
fitness,15143
productivity,3206
health,11018
outdoors,11874
interpersonal,4401
productivity,9724
cooking,15845
fitness,25458
health,16431
mythology,2589
travel,5655
health,11447
interpersonal,1216
diy,134099
productivity,372
cooking,79733
diy,53434
diy,95169
fitness,29824
pets,787
productivity,4451
mythology,4773
diy,41037
history,669
pets,7230
travel,55969
fitness,18293
gardening,38263
history,8292
history,2313
diy,79264
mythology,4683
buddhism,11162
diy,28162
productivity,3994
interpersonal,3294
gardening,14567
history,7335
travel,1098
cooking,13773
gardening,27120
gardening,33509
mythology,2889
productivity,4971
interpersonal,14324
productivity,12393
fitness,15310
sports,13764
sports,1612
fitness,8154
history,11822
health,3646
interpersonal,193
cooking,27520
parenting,2047
productivity,18428
pets,1861
pets,6273
sports,12240
travel,101616
fitness,32096
buddhism,9177
diy,51377
mythology,1077
history,46424
buddhism,7450
cooking,81771
history,46947
interpersonal,10906
productivity,5824
gardening,36
gardening,39232
cooking,18942
cooking,64889
parenting,2273
mythology,1199
travel,13669
health,12405
cooking,77522
parenting,8398
travel,78582
fitness,31717
mythology,507
parenting,16695
productivity,18059
diy,130826
productivity,13913
diy,92933
parenting,30097
buddhism,18688
fitness,416
sports,15550
buddhism,22147
health,16280
sports,14679
outdoors,7868
sports,12681
health,2
cooking,53643
buddhism,9716
parenting,12857
productivity,8596
parenting,32825
travel,84624
pets,2377
pets,18422
sports,941
sports,15795
parenting,34124
fitness,9517
travel,108565
parenting,8394
cooking,91905
buddhism,26
productivity,17295
cooking,86245
history,33624
parenting,207
sports,11934
sports,3865
parenting,9225
interpersonal,3822
pets,19363
productivity,17898
parenting,4930
diy,138602
parenting,24873
outdoors,14404
travel,38399
parenting,7773
pets,14947
productivity,7530
mythology,2922
sports,4990
pets,485
mythology,3068
parenting,34485
buddhism,26012
gardening,34458
interpersonal,13889
sports,12667
mythology,3017
gardening,33572
diy,32595
diy,109715
history,30371
parenting,30234
sports,10747
mythology,1844
buddhism,17746
diy,47897
sports,4138
parenting,16643
pets,21184
mythology,3157
cooking,34319
sports,15813
gardening,37168
mythology,4663
history,20685
health,12060
health,9210
sports,18184
productivity,17321
travel,108845
cooking,71504
mythology,2034
diy,121445
productivity,15455
cooking,6601
diy,110223
pets,7208
fitness,34309
buddhism,1529
pets,15019
health,16392
pets,11850
interpersonal,10276
history,8990
travel,72504
productivity,1182
interpersonal,16100
interpersonal,14885
buddhism,172
parenting,9125
travel,120382
gardening,34094
cooking,65322
parenting,3434
interpersonal,8267
health,10053
history,17023
history,35624
productivity,6945
gardening,19610
interpersonal,15934
interpersonal,634
cooking,87351
buddhism,14620
health,11218
parenting,20325
travel,84990
health,16321
interpersonal,9768
interpersonal,10486
travel,10204
diy,113947
fitness,23736
diy,75453
buddhism,5128
outdoors,13401
mythology,4678
buddhism,9633
travel,95010
fitness,36109
health,16020
history,43418
diy,92053
health,14632
outdoors,4306
buddhism,2837
buddhism,21543
sports,8753
mythology,2843
pets,5667
gardening,27058
gardening,7812
pets,15212
cooking,64162
diy,39705
diy,3289
sports,18780
cooking,84443
interpersonal,4128
cooking,10713
outdoors,5174
travel,105153
gardening,19338
diy,2735
buddhism,20305
sports,15938
buddhism,14812
cooking,66318
diy,140417
interpersonal,10737
productivity,7542
cooking,28294
health,11037
cooking,41475
sports,12419
interpersonal,5860
outdoors,1349
history,6002
diy,106395
interpersonal,2853
interpersonal,9933
buddhism,21163
health,4100
sports,7399
mythology,1930
history,41095
health,12598
fitness,13765
outdoors,20217
cooking,32983
buddhism,10380
productivity,5387
cooking,57553
mythology,2384
travel,17844
sports,15949
parenting,1761
buddhism,18576
interpersonal,17505
pets,12222
sports,10247
travel,115332
fitness,32333
parenting,26884
gardening,27080
fitness,14743
interpersonal,2001
gardening,7963
travel,78871
outdoors,10312
history,10616
diy,131490
pets,21235
mythology,795
mythology,2809
sports,14014
parenting,1067
history,35499
productivity,7577
cooking,81874
gardening,24690
diy,3533
fitness,36544
diy,63442
buddhism,25463
pets,11774
gardening,19742
history,40985
sports,16197
travel,6597
interpersonal,8574
diy,1469
interpersonal,8699
travel,105575
history,23703
sports,13686
pets,18735
cooking,66526
parenting,24646
buddhism,10187
outdoors,3509
cooking,71822
buddhism,19970
parenting,5361
pets,20989
productivity,508
diy,116728
cooking,25419
history,12558
diy,77659
fitness,33676
gardening,36954
gardening,4779
parenting,4769
history,5881
productivity,2656
travel,34751
interpersonal,10676
travel,52763
gardening,33900
outdoors,1117
productivity,1716
cooking,82921
pets,1767
cooking,978
productivity,170
history,39923
pets,19994
diy,76194
gardening,29920
travel,98949
interpersonal,8285
pets,15585
outdoors,10123
outdoors,4488
mythology,1035
history,24015
cooking,89927
travel,121317
cooking,13178
gardening,9749
travel,33915
productivity,314
diy,99285
health,13396
interpersonal,603
mythology,4677
history,12950
travel,45226
travel,44627
productivity,18554
parenting,22414
health,10958
travel,106449
fitness,31269
parenting,2659
parenting,12076
cooking,77077
diy,11470
buddhism,24387
interpersonal,16018
productivity,5749
buddhism,27049
productivity,17788
fitness,27807
pets,9567
buddhism,13166
outdoors,19547
fitness,28308
sports,4433
interpersonal,4015
travel,96335
outdoors,14307
productivity,13721
productivity,8688
outdoors,17832
travel,94156
interpersonal,486
sports,14405
buddhism,3
buddhism,23306
diy,127294
sports,5217
cooking,82976
outdoors,10265
fitness,2259
mythology,2840
buddhism,20794
gardening,3124
fitness,31303
travel,43309
fitness,19105
cooking,56086
buddhism,26876
interpersonal,3453
buddhism,5842
interpersonal,297
travel,22469
cooking,91655
buddhism,21885
mythology,4664
buddhism,26946
sports,13491
interpersonal,15111
travel,27238
health,16401
pets,1653
gardening,26679
buddhism,25424
mythology,4554
fitness,12119
parenting,31
gardening,25290
fitness,11940
fitness,5373
travel,85237
parenting,21093
fitness,11868
diy,94003
fitness,13976
fitness,12323
history,19442
diy,104576
sports,1005
mythology,1843
pets,1457
pets,11312
health,12523
productivity,12284
fitness,18598
pets,15287
productivity,10904
buddhism,15745
gardening,16189
gardening,30467
diy,102775
productivity,8532
cooking,43596
interpersonal,4365
health,3991
sports,9040
interpersonal,14749
health,11282
history,10933
pets,11193
travel,8510
parenting,2365
buddhism,25068
fitness,7044
parenting,14076
fitness,19192
buddhism,19767
health,5915
history,2027
sports,2003
buddhism,10243
pets,18192
fitness,23606
cooking,15363
fitness,29100
history,11532
diy,80383
fitness,13149
fitness,31724
parenting,7224
pets,16558
sports,15261
diy,81530
cooking,91618
gardening,15015
diy,51555
fitness,35772
diy,47339
interpersonal,17562
diy,127284
productivity,3977
health,5459
pets,16120
diy,5244
diy,47687
buddhism,15772
buddhism,140
gardening,35627
buddhism,5194
gardening,1214
buddhism,11363
buddhism,24561
buddhism,10301
history,1103
gardening,36768
mythology,629
parenting,27152
history,43608
interpersonal,12695
productivity,12626
interpersonal,6272
outdoors,13753
productivity,17981
cooking,20170
health,13548
mythology,4744
mythology,1184
pets,12232
outdoors,5080
gardening,13494
outdoors,13466
outdoors,9783
outdoors,18660
fitness,36603
health,10831
outdoors,13060
pets,42
cooking,344
travel,105132
outdoors,15826
cooking,81183
history,27253
parenting,752
pets,1529
gardening,34436
outdoors,14686
travel,2499
health,14556
gardening,9947
gardening,23390
cooking,67795
sports,2004
mythology,4696
cooking,45463
travel,76140
history,32705
health,11243
parenting,14385
interpersonal,16319
cooking,82174
diy,10831
buddhism,24264
buddhism,1779
productivity,5746
travel,119230
parenting,446
productivity,4468
gardening,39205
sports,3090
travel,62059
history,32604
fitness,4284
sports,18479
interpersonal,17766
pets,1836
cooking,74900
travel,22790
pets,20573
outdoors,10470
outdoors,16227
fitness,2244
parenting,8908
diy,83362
history,26970
fitness,18375
buddhism,28359
gardening,5312
diy,119625
outdoors,8505
interpersonal,7814
travel,102855
health,4937
travel,89869
pets,15777
diy,37189
buddhism,24450
gardening,8820
gardening,22926
fitness,24240
pets,17539
gardening,391
outdoors,10117
pets,21017
cooking,17013
gardening,22891
gardening,21925
outdoors,9425
interpersonal,5977
cooking,9579
outdoors,9798
travel,112179
parenting,18803
travel,60131
parenting,22436
outdoors,5212
cooking,19963
productivity,12328
health,1865
buddhism,12495
productivity,15454
outdoors,17896
buddhism,14622
pets,4387
diy,40594
pets,769
health,11599
fitness,14837
interpersonal,1219
sports,18765
history,9554
fitness,7277
sports,2786
buddhism,15176
outdoors,18961
mythology,998
cooking,39649
gardening,31466
fitness,25062
diy,90583
cooking,54200
buddhism,20063
sports,14291
sports,16954
buddhism,27188
travel,42707
parenting,29903
buddhism,74
interpersonal,6946
productivity,3378
buddhism,22854
interpersonal,4443
health,1480
gardening,20659
pets,1063
productivity,3883
buddhism,26627
outdoors,1275
pets,978
interpersonal,15267
outdoors,6444
diy,80687
productivity,2096
cooking,40227
health,15154
sports,16897
pets,19114
interpersonal,7886
health,10753
health,14076
mythology,2408
parenting,8491
cooking,21239
cooking,36196
productivity,14075
mythology,1412
history,45202
cooking,40143
travel,86971
travel,43360
travel,31167
productivity,1646
sports,5811
parenting,34783
outdoors,5030
diy,85669
sports,4383
productivity,8095
travel,93780
fitness,16127
interpersonal,16749
outdoors,3667
pets,1499
diy,64272
productivity,12298
cooking,71475
interpersonal,6880
pets,20288
cooking,14016
pets,16858
buddhism,9458
diy,121215
cooking,64343
outdoors,8873
mythology,1309
interpersonal,12591
parenting,22834
pets,925
mythology,2582
mythology,980
gardening,6006
interpersonal,14601
buddhism,2587
buddhism,12475
history,28445
outdoors,18886
buddhism,9414
parenting,24305
pets,3189
cooking,87216
outdoors,139
interpersonal,7252
diy,66992
cooking,19727
travel,40315
history,12139
sports,7154
mythology,74
health,15544
health,12675
buddhism,1335
health,8855
health,15845
mythology,2517
buddhism,23409
health,3685
travel,59020
outdoors,4120
interpersonal,7509
gardening,35935
interpersonal,5835
fitness,28227
gardening,35002
buddhism,3384
interpersonal,6800
gardening,5860
outdoors,939
history,32457
mythology,2174
diy,42186
sports,18437
travel,47620
buddhism,7911
parenting,10985
productivity,4741
cooking,43677
pets,600
mythology,289
fitness,32893
history,39879
buddhism,14010
outdoors,15799
buddhism,9279
sports,13948
mythology,3019
diy,72715
productivity,12509
history,5965
outdoors,1023
outdoors,9432
mythology,608
mythology,2892
outdoors,18717
productivity,9508
travel,36285
buddhism,5834
sports,1336
health,1093
interpersonal,10362
sports,14140
history,38753
gardening,4245
travel,26223
diy,94781
gardening,4000
travel,10564
pets,20154
health,9659
outdoors,8160
health,7466
travel,109896
history,41043
mythology,4887
cooking,1236
pets,1402
buddhism,20961
gardening,36870
mythology,1592
buddhism,17178
gardening,37400
fitness,38477
buddhism,7915
history,10551
interpersonal,764
pets,15315
parenting,25054
mythology,2683
pets,5905
outdoors,14800
buddhism,11966
parenting,30006
parenting,3035
gardening,3485
productivity,3228
history,35600
health,1790
travel,37381
productivity,2647
outdoors,2973
pets,7028
sports,5609
outdoors,11765
buddhism,13584
pets,2522
travel,71071
pets,17003
gardening,14983
productivity,15395
diy,61223
parenting,11298
fitness,33913
health,9785
pets,15688
sports,13702
gardening,2046
history,21447
interpersonal,15374
travel,20438
sports,6996
parenting,21946
diy,11375
sports,7366
fitness,16280
productivity,908
buddhism,28920
sports,5741
health,11140
productivity,6926
interpersonal,5571
interpersonal,9377
pets,4346
interpersonal,3095
diy,101044
gardening,2301
buddhism,10054
gardening,9319
mythology,2267
sports,834
sports,12018
gardening,32580
cooking,88605
gardening,35975
pets,12425
pets,18509
gardening,26540
outdoors,17406
parenting,28447
gardening,7910
buddhism,4113
parenting,5407
travel,79446
buddhism,8128
mythology,477
history,47748
productivity,12491
buddhism,9664
gardening,39705
history,42730
travel,100323
diy,126403
parenting,33956
health,4947
cooking,62607
pets,7206
outdoors,13372
fitness,36167
history,20780
history,12609
productivity,2934
parenting,21617
productivity,3522
outdoors,3734
cooking,27992
mythology,2052
buddhism,26962
travel,45762
travel,39921
interpersonal,5804
outdoors,501
travel,51510
interpersonal,5149
pets,17781
mythology,1744
cooking,61827
outdoors,10075
gardening,32522
buddhism,20154
interpersonal,8780
cooking,91102
pets,15762
outdoors,17540
interpersonal,2776
productivity,10833
diy,36095
interpersonal,9632
mythology,4961
mythology,2887
cooking,56165
sports,14350
parenting,18484
interpersonal,3379
sports,14825
diy,140174
pets,5809
parenting,23350
cooking,40813
interpersonal,4100
gardening,36504
buddhism,25325
travel,8219
history,1150
buddhism,21681
productivity,1621
gardening,33136
health,9873
health,10201
cooking,43689
history,38786
travel,64382
parenting,26222
parenting,24635
travel,49047
history,36090
gardening,41472
sports,17427
cooking,78629
travel,6707
pets,9702
productivity,9280
travel,94925
diy,65691
diy,116263
parenting,30283
parenting,27646
pets,90
pets,21122
productivity,13716
productivity,17297
buddhism,10999
productivity,12296
health,3660
health,1331
buddhism,5168
cooking,87977
mythology,714
cooking,17030
health,9446
history,8061
diy,106217
productivity,8819
travel,113990
mythology,2787
travel,73287
buddhism,1835
outdoors,274
history,47125
travel,4805
cooking,9158
sports,95
pets,13460
productivity,14785
history,8422
gardening,36940
parenting,12641
gardening,24692
outdoors,14199
sports,15177
buddhism,6069
history,47852
cooking,21298
travel,3908
gardening,30980
gardening,14406
parenting,34619
interpersonal,15162
health,10277
sports,14928
mythology,1251
diy,39448
interpersonal,1199
diy,66960
health,16301
cooking,85310
buddhism,3946
interpersonal,12374
fitness,31189
fitness,15401
parenting,34459
productivity,5129
mythology,2902
travel,84451
pets,19108
buddhism,2120
buddhism,11134
outdoors,3809
mythology,2081
cooking,3978
pets,15544
parenting,16294
gardening,22084
parenting,26666
diy,106942
mythology,1223
history,23736
travel,85740
mythology,4947
fitness,32160
parenting,13945
travel,42964
travel,121178
sports,17044
gardening,38950
cooking,19789
gardening,24665
cooking,89607
gardening,34750
diy,131743
fitness,28913
cooking,19636
parenting,1740
outdoors,6725
mythology,282
health,4359
diy,84344
parenting,6989
mythology,2032
pets,18171
fitness,37358
mythology,482
sports,14369
gardening,19917
productivity,1069
parenting,31405
travel,101083
travel,24340
mythology,3400
diy,12301
sports,1929
outdoors,6666
travel,92843
history,23679
buddhism,27021
pets,19005
pets,19817
health,4583
buddhism,3465
cooking,36848
diy,27728
diy,127224
cooking,73459
gardening,19865
outdoors,7816
gardening,39210
diy,66121
health,3995
travel,96655
interpersonal,15943
mythology,4656
outdoors,1244
cooking,9797
history,26408
parenting,19090
cooking,12222
buddhism,24734
diy,29629
history,16827
interpersonal,13139
parenting,29918
gardening,38191
gardening,4053
parenting,24567
buddhism,10705
pets,9430
diy,55731
diy,1716
diy,63777
travel,113202
buddhism,23088
parenting,5946
buddhism,25772
travel,74782
health,14783
history,44118
mythology,34
travel,112712
sports,15968
pets,11485
outdoors,9519
sports,385
pets,13863
outdoors,6574
diy,63754
health,10054
fitness,37848
diy,31146
cooking,67316
gardening,19827
health,9840
productivity,8433
pets,20145
history,42752
history,37885
productivity,9640
gardening,2012
pets,3251
mythology,64
mythology,4581
buddhism,10125
interpersonal,16641
travel,34001
diy,104250
history,27856
interpersonal,703
outdoors,7896
parenting,7075
pets,990
sports,12947
buddhism,5218
history,33938
fitness,35899
fitness,37728
parenting,8914
interpersonal,7864
parenting,8032
interpersonal,16302
history,46708
buddhism,25378
health,9514
outdoors,8026
parenting,14633
outdoors,3133
travel,37288
cooking,11362
sports,2657
gardening,1492
sports,14998
pets,458
mythology,1681
mythology,1300
diy,99790
outdoors,10241
sports,2013
health,13589
cooking,34086
buddhism,8871
outdoors,1867
pets,11674
outdoors,9150
health,3798
health,3074
fitness,15252
interpersonal,7696
buddhism,21774
sports,16119
diy,55817
cooking,85536
health,11097
fitness,31088
pets,7468
sports,16465
history,43983
travel,76110
pets,10227
gardening,9794
parenting,22714
history,42183
cooking,2199
history,2574
diy,75192
outdoors,7238
fitness,7559
sports,12428
sports,7441
fitness,14983
history,42707
cooking,16435
gardening,5295
outdoors,13518
parenting,3187
mythology,302
sports,16103
buddhism,24352
diy,54091
fitness,25005
health,9129
cooking,34547
outdoors,13549
buddhism,20816
travel,24912
pets,12264
travel,11038
cooking,84310
history,34570
interpersonal,14863
travel,43137
travel,3980
health,5669
cooking,35570
health,4767
productivity,16711
pets,10830
sports,13277
cooking,88632
productivity,8870
parenting,21649
interpersonal,127
mythology,1438
pets,17493
health,3138
productivity,15140
buddhism,12420
buddhism,17468
interpersonal,10776
sports,12690
buddhism,9972
fitness,12170
history,40569
health,15102
cooking,74578
diy,47960
productivity,596
health,3588
parenting,21393
fitness,13365
buddhism,19079
travel,100908
mythology,213
travel,90626
cooking,54525
health,10124
sports,17617
pets,48
sports,5856
outdoors,13283
diy,79126
cooking,81098
history,40347
outdoors,15660
health,15470
cooking,19272
pets,21164
outdoors,15271
sports,13145
fitness,31293
cooking,40307
diy,41906
sports,9135
pets,618
cooking,65148
pets,20128
history,20690
parenting,34211
parenting,29468
sports,10582
parenting,19543
sports,13657
diy,78907
diy,77924
pets,181
buddhism,3771
travel,95003
mythology,2128
mythology,648
outdoors,10001
mythology,738
gardening,2052
outdoors,18270
diy,82002
fitness,13527
pets,20512
buddhism,23170
interpersonal,3117
pets,15957
cooking,49481
pets,19190
pets,845
gardening,593
interpersonal,479
diy,140398
diy,52297
sports,10251
productivity,381
mythology,3408
mythology,2461
cooking,41536
pets,19162
outdoors,10027
travel,68262
pets,16089
mythology,4713
productivity,3214
parenting,27525
fitness,10104
outdoors,4904
history,14874
health,10692
sports,12955
interpersonal,3002
productivity,3384
gardening,7025
fitness,15511
productivity,7675
buddhism,3643
fitness,26183
outdoors,18252
parenting,34288
history,9909
parenting,4209
mythology,731
interpersonal,11987
mythology,4896
outdoors,10342
outdoors,464
outdoors,20079
history,2937
health,9953
buddhism,9010
history,2068
mythology,1227
parenting,18353
mythology,4650
sports,896
cooking,30104
fitness,18272
history,5563
outdoors,1124
travel,17170
travel,90731
travel,7442
pets,17507
health,13928
cooking,35632
health,10807
cooking,28569
pets,10135
mythology,4820
fitness,32866
outdoors,10562
health,5989
travel,65833
mythology,4755
interpersonal,12233
sports,17695
buddhism,19656
mythology,2546
travel,19044
sports,3016
cooking,1747
gardening,9228
history,14979
gardening,2143
cooking,60383
fitness,28333
buddhism,16124
parenting,34019
pets,15632
cooking,91430
interpersonal,12477
parenting,4107
buddhism,7608
history,17249
sports,2767
productivity,7295
mythology,1233
health,3144
sports,3120
sports,969
health,4473
mythology,357
productivity,3834
fitness,7029
sports,8663
history,41485
diy,141396
sports,4727
gardening,22278
gardening,35980
travel,57594
buddhism,15162
diy,131583
pets,18281
interpersonal,5773
travel,13580
history,11628
travel,112045
mythology,1395
parenting,16325
mythology,690
productivity,2265
outdoors,4084
gardening,13917
gardening,13777
productivity,294
outdoors,11105
fitness,7576
outdoors,14994
mythology,1420
buddhism,8125
diy,4418
diy,85357
cooking,68127
interpersonal,3794
buddhism,14699
history,27531
cooking,87337
cooking,37842
outdoors,15406
outdoors,11034
travel,10158
pets,494
health,7177
travel,14847
fitness,6418
diy,126914
travel,79143
gardening,18071
outdoors,10553
interpersonal,6754
cooking,67391
travel,39475
cooking,21114
travel,79926
outdoors,5027
cooking,64158
productivity,14426
pets,10354
fitness,13923
productivity,1407
interpersonal,4276
gardening,18184
buddhism,17363
gardening,39680
health,13979
productivity,12062
cooking,11037
health,12440
buddhism,216
travel,83721
fitness,2913
cooking,63300
interpersonal,17935
buddhism,7610
outdoors,9700
diy,14910
travel,9404
cooking,33918
health,12868
pets,6896
fitness,11544
outdoors,3122
diy,69822
parenting,34520
interpersonal,3497
health,10797
outdoors,5746
buddhism,25583
history,1885
cooking,75055
outdoors,40
fitness,8256
fitness,15404
health,35
health,1704
cooking,13233
mythology,1353
gardening,32932
travel,115200
outdoors,8152
mythology,5015
health,3998
diy,66365
diy,2865
outdoors,3745
parenting,29701
diy,32960
diy,74375
cooking,87962
interpersonal,2378
mythology,2287
productivity,4904
parenting,1521
sports,17004
history,34421
travel,110483
gardening,30760
travel,57502
fitness,25645
buddhism,10256
health,14988
travel,60937
diy,137720
history,23502
diy,15350
interpersonal,86
mythology,2200
travel,26032
parenting,12004
pets,21199
buddhism,10330
fitness,14895
parenting,21263
travel,41710
sports,8789
travel,64093
fitness,22201
productivity,18482
gardening,3308
sports,14529
travel,106978
productivity,5189
health,1630
diy,106358
parenting,2677
sports,209
pets,7792
parenting,34352
productivity,8041
history,22883
outdoors,9243
history,47799
productivity,9621
buddhism,13947
pets,17093
sports,16766
travel,35324
mythology,2879
health,5037
fitness,22139
interpersonal,15784
health,14158
interpersonal,18010
pets,19278
cooking,65270
cooking,59132
sports,12479
diy,59409
mythology,2853
parenting,28457
travel,60988
mythology,2930
mythology,1068
outdoors,19972
history,9395
gardening,8970
pets,7065
mythology,3252
buddhism,12249
buddhism,8304
travel,24131
sports,18637
parenting,220
fitness,16572
gardening,19706
diy,136994
buddhism,8200
travel,49477
buddhism,5964
health,5465
diy,11890
parenting,32989
sports,3743
sports,1799
history,34752
gardening,4656
fitness,12931
gardening,30365
parenting,20821
outdoors,18844
mythology,1881
sports,5592
fitness,15616
travel,11332
mythology,3094
sports,16246
parenting,22562
outdoors,16351
fitness,24148
history,14120
sports,13275
cooking,12794
outdoors,1479
pets,6805
pets,20316
interpersonal,1099
productivity,3510
fitness,32670
diy,103028
health,5649
cooking,51822
fitness,32659
diy,139372
sports,15789
buddhism,1753
travel,117257
history,32952
pets,18341
gardening,1341
history,30383
outdoors,15606
mythology,2920
pets,16316
parenting,30574
diy,122461
productivity,18041
parenting,4746
travel,5701
travel,101639
fitness,25981
productivity,3276
diy,127373
health,14971
mythology,1009
sports,17623
cooking,90637
outdoors,16567
fitness,927
mythology,4723
pets,10930
interpersonal,3611
travel,83118
history,40320
outdoors,19697
sports,10590
history,17667
outdoors,3237
history,38236
cooking,7303
outdoors,16451
gardening,14086
mythology,3020
parenting,33348
health,416
parenting,3180
diy,54004
history,39300
sports,2796
diy,95350
gardening,14955
parenting,3036
outdoors,5160
interpersonal,4156
diy,27827
mythology,610
pets,5704
parenting,29837
cooking,35117
parenting,25040
interpersonal,14972
gardening,24847
sports,16217
interpersonal,12652
cooking,75479
interpersonal,16784
sports,13662
cooking,6401
fitness,19494
diy,57865
productivity,1290
travel,20883
history,25330
pets,20622
health,10791
health,16123
mythology,1385
parenting,20833
parenting,3683
sports,14624
mythology,2221
productivity,12274
cooking,58327
interpersonal,14196
travel,99450
buddhism,25748
travel,83156
parenting,10511
buddhism,4118
gardening,7664
diy,139755
cooking,48973
parenting,10823
parenting,34734
sports,12124
health,1068
parenting,10468
health,3229
mythology,2319
sports,12821
travel,76836
health,5887
history,12713
travel,8249
diy,14055
travel,114949
history,7391
pets,13795
parenting,5700
productivity,5057
diy,76655
mythology,379
history,43932
pets,10003
productivity,12605
interpersonal,11899
gardening,339
pets,8164
fitness,33840
diy,20676
sports,12067
pets,2366
outdoors,4406
productivity,1878
sports,4572
interpersonal,10783
outdoors,13665
travel,107829
travel,25772
fitness,33212
productivity,15129
gardening,33593
history,36302
parenting,6940
travel,19672
gardening,22225
travel,37370
history,27206
parenting,17949
mythology,4871
health,11407
diy,100728
fitness,12120
travel,65275
health,5755
travel,56326
history,17429
health,12425
interpersonal,10248
diy,129746
fitness,14773
buddhism,25942
fitness,2784
diy,119064
fitness,14685
parenting,34763
cooking,55086
cooking,68588
interpersonal,2002
productivity,4724
outdoors,19486
outdoors,15090
mythology,3248
mythology,1526
cooking,25338
cooking,73746
sports,15704
history,40140
fitness,28670
diy,86387
mythology,1258
productivity,3369
fitness,2090
history,5608
travel,86132
gardening,23064
outdoors,9208
parenting,12101
gardening,35515
gardening,37953
buddhism,3512
cooking,6280
fitness,993
mythology,257
outdoors,1298
parenting,7420
travel,82927
mythology,1204
pets,15056
cooking,57191
outdoors,17197
parenting,21968
interpersonal,11185
productivity,14192
diy,75592
mythology,1493
buddhism,25073
interpersonal,3501
productivity,141
history,11027
mythology,3531
productivity,14914
mythology,1146
interpersonal,6984
cooking,47788
gardening,35447
pets,10504
health,16909
gardening,4327
travel,102730
gardening,17760
gardening,17920
diy,94356
history,3035
pets,13654
history,8706
interpersonal,8034
sports,7432
parenting,3769
buddhism,28833
cooking,37439
pets,19682
mythology,3199
interpersonal,499
fitness,31930
buddhism,25066
cooking,1766
productivity,7558
gardening,7413
sports,13535
diy,130003
mythology,2868
parenting,31765
fitness,6458
sports,8612
productivity,18296
diy,65806
health,11388
cooking,89507
travel,51005
buddhism,25157
interpersonal,16935
gardening,35262
mythology,5014
cooking,47137
travel,66783
history,38846
interpersonal,13457
parenting,23601
pets,19559
gardening,16140
travel,78840
pets,7457
mythology,1149
pets,19343
health,14819
fitness,32917
buddhism,13887
productivity,15014
diy,144304
mythology,3118
outdoors,3022
pets,16344
interpersonal,12226
pets,7277
parenting,10660
buddhism,15045
travel,21146
parenting,5806
parenting,5421
gardening,30929
outdoors,7882
parenting,4133
productivity,16892
sports,12846
cooking,2353
sports,15370
cooking,74525
pets,19632
gardening,32892
interpersonal,11231
gardening,29954
interpersonal,14696
diy,40513
health,12409
productivity,339
gardening,72
sports,15548
pets,17391
sports,8854
fitness,12247
interpersonal,291
parenting,3219
mythology,2092
productivity,14179
fitness,28486
sports,4621
productivity,4515
fitness,5492
diy,32126
sports,16457
travel,86331
mythology,3273
travel,116376
pets,15062
fitness,3484
fitness,18300
buddhism,18738
travel,120246
pets,480
history,17083
cooking,59120
travel,82722
outdoors,20143
gardening,22293
buddhism,18963
gardening,17809
history,35369
gardening,23941
parenting,21100
health,5051
health,4868
health,5757
interpersonal,5966
parenting,11839
pets,264
buddhism,28223
health,12305
mythology,3223
diy,100284
cooking,71562
travel,98161
travel,80020
history,2413
sports,5701
mythology,1004
history,16833
diy,71525
history,905
mythology,1290
gardening,7378
productivity,8436
sports,13181
parenting,21754
outdoors,88
parenting,32295
sports,18068
sports,12121
pets,847
mythology,3121
diy,77156
pets,20405
mythology,2348
fitness,19148
travel,20373
fitness,14655
outdoors,20278
outdoors,1194
pets,1486
cooking,24418
diy,6642
travel,13853
cooking,75158
buddhism,9614
parenting,17971
cooking,362
health,7223
mythology,2644
productivity,6970
mythology,3364
interpersonal,17596
outdoors,17954
buddhism,11370
buddhism,28729
fitness,1076
pets,387
cooking,76187
travel,78775
buddhism,15465
sports,16259
gardening,34841
cooking,74041
diy,126137
outdoors,11773
productivity,4335
travel,37883
outdoors,11451
health,3524
mythology,2122
pets,19782
parenting,22306
parenting,33982
interpersonal,10570
outdoors,1448
diy,123938
health,10515
interpersonal,14593
parenting,16328
health,10419
health,13299
gardening,26430
outdoors,18349
productivity,18003
parenting,19187
gardening,27402
health,12332
buddhism,23485
diy,29954
cooking,8719
diy,70132
history,8022
history,23840
interpersonal,3066
fitness,4756
diy,24853
mythology,2938
travel,66575
history,22912
outdoors,200
health,1108
history,33790
productivity,17984
cooking,90757
gardening,2149
outdoors,2977
travel,81855
gardening,24945
outdoors,19742
fitness,272
cooking,25610
buddhism,26747
gardening,36270
outdoors,13452
pets,7699
productivity,14082
diy,114895
health,5739
productivity,6978
productivity,464
parenting,8276
history,27281
fitness,2005
history,34368
history,25805
history,43885
travel,73152
productivity,3407
sports,5626
interpersonal,7140
buddhism,26645
mythology,729
parenting,32073
travel,111299
parenting,5195
pets,19953
travel,44271
health,11377
mythology,1389
mythology,2996
history,28017
mythology,1965
travel,115470
parenting,29869
gardening,32634
sports,2547
outdoors,7421
sports,19973
fitness,37009
health,13444
outdoors,11601
pets,16973
parenting,31320
productivity,1231
pets,17460
health,102
outdoors,691
cooking,10116
sports,18714
interpersonal,14223
diy,105309
productivity,15087
fitness,16536
interpersonal,12395
cooking,29262
gardening,23670
diy,123583
outdoors,18147
travel,423
cooking,91020
fitness,19563
productivity,8952
outdoors,10579
productivity,9091
mythology,3284
sports,3372
productivity,1985
outdoors,6343
cooking,32756
outdoors,15817
buddhism,7098
parenting,3452
sports,18236
pets,15720
cooking,14724
pets,6580
travel,48411
gardening,38218
parenting,24144
pets,8014
interpersonal,10886
health,11665
buddhism,9409
fitness,24370
interpersonal,3103
fitness,1489
fitness,6820
history,35601
cooking,26049
interpersonal,1338
cooking,66543
sports,2401
outdoors,8038
pets,1403
outdoors,16860
pets,551
cooking,57061
cooking,37699
pets,19260
interpersonal,15367
sports,2237
productivity,17683
cooking,933
mythology,1954
parenting,20584
fitness,37240
sports,2418
sports,17035
pets,18949
outdoors,5130
diy,93061
outdoors,11512
sports,17837
sports,10444
pets,17425
parenting,23015
gardening,11243
pets,16757
interpersonal,4633
buddhism,24671
buddhism,1998
productivity,14629
parenting,22576
interpersonal,13855
cooking,19898
sports,10554
history,14894
sports,3318
sports,3464
cooking,9204
outdoors,19933
health,4836
parenting,2468
history,28058
fitness,22262
sports,16689
diy,78660
productivity,7788
interpersonal,15683
mythology,1963
productivity,17707
productivity,12460
productivity,2661
outdoors,19921
outdoors,3097
travel,78924
parenting,8599
diy,113583
fitness,15154
health,15847
mythology,1375
health,4179
buddhism,5141
health,9726
parenting,14237
travel,91022
interpersonal,2970
diy,8131
diy,10672
parenting,24518
pets,1585
productivity,7408
buddhism,1747
gardening,34735
pets,20029
travel,68102
outdoors,14634
travel,68099
gardening,14040
health,11926
parenting,23296
productivity,3803
pets,5769
sports,5404
fitness,12589
health,5613
interpersonal,17574
pets,3118
fitness,11835
mythology,1626
gardening,35291
interpersonal,11973
productivity,16894
cooking,12013
productivity,866
parenting,8995
outdoors,430
history,46920
history,21153
outdoors,1616
gardening,27167
cooking,23935
sports,2111
interpersonal,7484
productivity,14898
fitness,14539
outdoors,16931
productivity,2516
buddhism,20587
pets,17578
gardening,20470
health,12562
diy,72400
interpersonal,11424
mythology,3347
pets,7379
mythology,2437
buddhism,22323
sports,5131
gardening,36888
interpersonal,16226
outdoors,15677
history,42597
health,15915
interpersonal,4007
gardening,26920
gardening,1315
health,417
parenting,3981
sports,4599
parenting,11325
outdoors,11352
outdoors,17305
sports,1913
diy,66463
outdoors,1387
history,10134
outdoors,15028
outdoors,5257
productivity,8039
buddhism,22639
mythology,653
sports,2500
outdoors,5268
interpersonal,10669
health,12920
mythology,1502
pets,16880
history,35043
fitness,28420
interpersonal,13899
pets,10893
fitness,36043
sports,17750
mythology,4796
health,1289
productivity,1891
gardening,14067
parenting,2718
fitness,12581
outdoors,17193
health,12194
interpersonal,5504
fitness,792
sports,15729
travel,100492
cooking,64477
productivity,2162
travel,22831
health,7328
buddhism,19987
mythology,1833
pets,1186
buddhism,26095
diy,100844
travel,38205
travel,98896
buddhism,1433
pets,17918
sports,17473
parenting,12355
pets,18377
parenting,24745
productivity,1728
interpersonal,14958
pets,18193
health,9787
fitness,1167
health,5046
fitness,16307
travel,95032
buddhism,8029
diy,81845
sports,16477
travel,64193
fitness,27623
productivity,3526
gardening,37572
diy,145895
outdoors,11380
diy,38226
sports,16863
interpersonal,15962
cooking,23242
interpersonal,10729
sports,2815
outdoors,13470
history,1314
sports,12696
pets,1998
gardening,5281
mythology,3405
fitness,32937
mythology,568
gardening,19335
pets,15830
mythology,1113
sports,12603
interpersonal,3506
travel,91923
history,22723
mythology,2935
gardening,7095
health,404
gardening,34619
sports,749
mythology,2793
travel,41890
buddhism,7830
mythology,1654
travel,31184
cooking,27893
cooking,19458
pets,9574
interpersonal,3362
fitness,38548
diy,51129
parenting,22546
parenting,31284
mythology,2401
history,11206
cooking,60366
outdoors,19868
productivity,7237
pets,18222
interpersonal,12635
pets,18941
interpersonal,1543
buddhism,7157
sports,10411
diy,113329
gardening,4385
productivity,3749
mythology,371
pets,9367
health,10065
travel,5985
cooking,9655
history,26719
buddhism,13404
health,11445
history,26087
travel,111957
buddhism,7775
history,32656
mythology,1580
health,11469
pets,9508
sports,13923
history,7559
mythology,88
diy,75758
interpersonal,9227
diy,13320
parenting,29800
gardening,28942
travel,85461
sports,7332
diy,3632
cooking,70748
fitness,37889
diy,101748
fitness,25909
mythology,2869
diy,75618
outdoors,14152
pets,10293
buddhism,13020
pets,6983
gardening,8458
parenting,6885
productivity,4657
gardening,34879
diy,87896
buddhism,14587
productivity,8205
productivity,152
pets,13758
pets,1021
history,27485
gardening,7961
gardening,20697
health,12800
outdoors,14044
parenting,18377
buddhism,14691
gardening,26709
mythology,5080
outdoors,15753
buddhism,8295
parenting,3159
interpersonal,637
buddhism,9338
gardening,9698
productivity,916
gardening,11010
pets,19768
mythology,2407
history,27162
parenting,14952
outdoors,10363
pets,8181
sports,18602
pets,1301
cooking,37721
fitness,38323
buddhism,12
productivity,7221
mythology,828
health,851
outdoors,1098
gardening,11175
travel,117629
history,10998
parenting,33642
parenting,33267
gardening,7437
mythology,1378
health,1789
travel,71810
cooking,85487
health,5044
outdoors,14002
health,10851
interpersonal,12140
diy,113163
health,4471
interpersonal,16454
productivity,17043
fitness,13138
productivity,7862
productivity,14416
interpersonal,9343
buddhism,5879
parenting,22914
gardening,32756
fitness,17801
buddhism,23680
buddhism,25690
health,16844
outdoors,19122
mythology,1312
health,10432
fitness,2972
travel,104024
productivity,3855
fitness,27776
health,8846
fitness,14001
history,39251
travel,7189
parenting,31204
parenting,2299
gardening,22153
interpersonal,15709
mythology,287
health,9854
mythology,1594
cooking,58549
mythology,4851
diy,113917
health,12317
sports,3002
interpersonal,10190
sports,10726
mythology,154
parenting,14597
travel,232
health,4928
parenting,26262
outdoors,7703
cooking,5191
history,20548
mythology,2648
productivity,17361
history,19288
parenting,12256
fitness,34148
buddhism,14568
pets,18404
diy,10781
mythology,1787
sports,1897
mythology,3355
fitness,17792
history,33760
interpersonal,12702
sports,292
productivity,593
health,17268
cooking,75796
fitness,4993
fitness,5505
pets,5666
health,12121
pets,12374
gardening,38900
fitness,6415
history,46660
history,44000
diy,31136
travel,119436
fitness,21113
interpersonal,10206
pets,16537
fitness,29384
history,23463
productivity,7456
pets,18888
health,649
fitness,3435
travel,39609
interpersonal,3793
gardening,32865
fitness,9684
gardening,8583
cooking,88651
parenting,14925
fitness,3541
pets,21118
outdoors,4206
diy,27234
productivity,2603
cooking,78286
cooking,1143
health,3500
health,5564
diy,8642
parenting,7929
diy,91522
fitness,5249
gardening,35494
travel,23502
outdoors,19072
buddhism,9115
history,42828
parenting,26343
sports,4185
diy,117754
interpersonal,4275
mythology,2120
sports,16377
diy,135822
pets,15866
parenting,7116
sports,18576
health,276
health,16559
parenting,22678
fitness,51
diy,144241
travel,49447
buddhism,7908
history,17523
parenting,29418
interpersonal,13468
cooking,6836
mythology,2660
pets,13636
cooking,4381
productivity,12243
productivity,9396
travel,8686
fitness,33418
cooking,24520
pets,18715
productivity,1883
gardening,41292
health,9517
history,24302
gardening,41663
diy,106204
travel,93684
diy,77992
mythology,5031
fitness,19160
health,16586
history,14697
mythology,4931
sports,1657
pets,20494
interpersonal,3833
pets,16396
outdoors,15896
gardening,39810
travel,99150
pets,20593
buddhism,21598
health,11153
gardening,7339
interpersonal,10756
sports,11972
mythology,4841
mythology,712
gardening,35180
fitness,6501
cooking,65819
gardening,38380
mythology,3312
health,13236
interpersonal,14277
parenting,6512
pets,270
pets,41
pets,15495
gardening,500
outdoors,1256
sports,3442
buddhism,14011
fitness,33809
health,17311
interpersonal,16607
cooking,20948
gardening,26714
interpersonal,15103
travel,112392
gardening,7806
gardening,13892
parenting,18302
mythology,1647
pets,266
diy,112830
pets,3281
cooking,35484
diy,40452
outdoors,1562
pets,1222
diy,86441
buddhism,14481
health,14421
history,7625
cooking,19078
sports,2305
travel,85359
history,32683
interpersonal,6695
cooking,5571
interpersonal,9393
gardening,2684
gardening,36956
health,13273
sports,2723
diy,104004
gardening,5134
mythology,296
productivity,7690
productivity,7834
mythology,2004
buddhism,9473
fitness,27349
parenting,33940
mythology,3376
parenting,31237
outdoors,20294
sports,10252
gardening,3144
interpersonal,8694
mythology,182
cooking,28322
health,3409
fitness,13551
travel,45161
fitness,28689
parenting,14536
fitness,4217
pets,3288
history,46050
interpersonal,6630
gardening,39483
productivity,13999
interpersonal,11238
gardening,7927
sports,17922
history,42985
productivity,12482
health,11711
pets,11917
history,36140
productivity,3719
interpersonal,10333
buddhism,17600
outdoors,1290
mythology,1883
interpersonal,7400
outdoors,15822
health,1536
outdoors,10426
cooking,54353
mythology,4850
health,3708
pets,6572
history,40123
outdoors,114
mythology,4579
parenting,11663
health,16872
history,23710
outdoors,8090
buddhism,25939
health,15452
diy,48034
health,12690
parenting,11545
parenting,28978
sports,13121
cooking,14095
health,322
diy,44611
travel,20241
sports,4122
buddhism,186
cooking,67295
health,15270
gardening,18053
fitness,32341
diy,130606
gardening,5216
mythology,312
health,4279
pets,19754
health,11481
mythology,3165
diy,120994
interpersonal,2475
cooking,36790
gardening,15030
fitness,5647
parenting,20496
fitness,12197
pets,9470
cooking,79502
diy,128045
buddhism,12110
sports,13031
fitness,36868
mythology,4759
gardening,3939
history,31029
buddhism,22910
buddhism,10992
buddhism,15682
diy,2838
parenting,21002
diy,72897
sports,8525
interpersonal,429
mythology,1895
health,12504
health,12814
travel,21532
fitness,14139
gardening,22988
productivity,16991
outdoors,6784
mythology,190
sports,15558
buddhism,12555
parenting,31983
pets,7096
travel,100761
cooking,74624
buddhism,1399
sports,15413
history,10446
buddhism,22892
fitness,6892
mythology,3332
outdoors,3577
productivity,9132
interpersonal,15352
mythology,82
parenting,23213
buddhism,20630
productivity,3049
diy,90797
fitness,15553
pets,18396
fitness,1408
parenting,1282
travel,116444
diy,120966
health,3813
parenting,6316
travel,81677
productivity,2506
buddhism,14869
buddhism,26131
sports,7049
fitness,31698
history,27519
outdoors,15869
cooking,19969
mythology,977
buddhism,12654
pets,18827
pets,20122
outdoors,13096
parenting,14864
pets,19449
cooking,49951
cooking,87625
health,7389
history,298
interpersonal,87
pets,12368
health,3033
productivity,17819
history,101
travel,39150
cooking,21554
outdoors,11356
diy,38430
outdoors,916
parenting,34735
cooking,77195
history,9139
health,10615
health,7429
fitness,13751
productivity,1561
travel,93889
productivity,9774
travel,3197
mythology,2325
sports,17314
interpersonal,3681
mythology,2072
buddhism,10020
productivity,15527
productivity,8638
productivity,15504
diy,61348
gardening,9205
gardening,37793
mythology,2244
history,25592
fitness,53
health,16864
history,1382
mythology,4902
diy,126650
pets,16222
cooking,68865
pets,2360
interpersonal,3419
travel,87392
pets,16258
parenting,28475
travel,96424
pets,21138
parenting,1400
fitness,153
buddhism,9352
gardening,14485
health,14936
mythology,1912
sports,1477
mythology,7
diy,115359
fitness,29303
fitness,13847
travel,40212
productivity,12305
pets,7334
buddhism,21321
outdoors,3141
sports,5180
mythology,4954
gardening,29951
interpersonal,4003
gardening,35316
health,12024
gardening,38005
sports,5552
outdoors,11803
gardening,3988
productivity,900
outdoors,10022
interpersonal,5683
sports,10313
fitness,10088
diy,6106
cooking,40608
productivity,9674
interpersonal,12031
buddhism,23443
health,5478
fitness,7558
cooking,29014
gardening,3447
parenting,29123
health,9265
interpersonal,16105
fitness,36905
fitness,37512
mythology,3049
sports,14872
cooking,33967
cooking,11675
outdoors,14559
diy,122593
productivity,668
health,7462
history,9758
buddhism,19301
sports,13898
fitness,24142
diy,92714
gardening,23827
parenting,27572
travel,83913
interpersonal,13319
interpersonal,13095
gardening,22365
buddhism,14499
outdoors,5695
fitness,13866
gardening,9115
pets,5971
mythology,225
gardening,17916
sports,12343
mythology,3098
productivity,932
interpersonal,1536
health,13439
travel,108562
sports,8746
parenting,22062
health,125
fitness,34504
fitness,455
outdoors,4525
productivity,14275
productivity,4979
buddhism,1917
travel,109156
history,14641
outdoors,18452
cooking,69006
gardening,22856
pets,7554
productivity,14654
history,42736
history,16914
fitness,16053
outdoors,9627
history,538
history,46765
diy,10401
gardening,4637
mythology,2777
history,42098
gardening,16247
fitness,12196
health,10529
parenting,5564
sports,14134
history,41881
gardening,35732
pets,7082
interpersonal,14742
mythology,3307
buddhism,14728
parenting,4575
health,11466
health,10768
buddhism,15523
diy,6157
cooking,55926
productivity,15681
mythology,962
mythology,4781
health,4812
parenting,20933
mythology,2205
buddhism,15140
gardening,37960
cooking,37809
diy,51966
travel,119678
parenting,16699
fitness,26100
buddhism,25115
health,12479
sports,19940
health,1599
parenting,21898
pets,4397
travel,119132
travel,60267
sports,14938
health,4052
productivity,13841
travel,26872
productivity,5295
fitness,37334
outdoors,19525
history,14187
sports,558
parenting,23546
travel,79392
travel,6879
gardening,30086
parenting,8375
health,5707
history,46658
buddhism,21482
history,26184
travel,88412
buddhism,118
cooking,6529
interpersonal,6298
health,5502
health,14478
parenting,28917
buddhism,14027
sports,2456
diy,4798
fitness,18499
fitness,19294
health,11793
sports,2743
cooking,64928
buddhism,13625
outdoors,11391
fitness,28832
pets,7100
health,10089
mythology,1248
interpersonal,2380
history,34162
sports,15522
fitness,38606
buddhism,17975
buddhism,2725
mythology,2298
diy,27788
interpersonal,6277
gardening,9059
cooking,64640
travel,86138
interpersonal,17681
productivity,663
productivity,14743
diy,115521
outdoors,4959
health,3158
diy,145969
cooking,18379
history,36384
outdoors,11828
mythology,632
buddhism,10516
parenting,31928
history,33870
travel,105426
mythology,2515
outdoors,15813
sports,10328
parenting,800
travel,110744
history,47599
history,17343
parenting,14124
sports,14867
cooking,53512
health,14347
interpersonal,16207
outdoors,428
cooking,7491
sports,4772
fitness,19133
fitness,22268
productivity,7757
gardening,27254
health,7472
buddhism,26360
gardening,32781
interpersonal,8401
parenting,1654
outdoors,373
gardening,41400
buddhism,8844
history,45928
parenting,27230
history,40832
pets,1835
fitness,38048
gardening,4776
mythology,2396
interpersonal,10846
buddhism,14964
health,3215
interpersonal,6523
mythology,41
fitness,16462
diy,85605
productivity,5602
gardening,31345
cooking,6620
productivity,5185
travel,88492
pets,17319
diy,80328
interpersonal,17604
interpersonal,5891
travel,66944
travel,4887
travel,64451
travel,1316
mythology,4882
history,28021
sports,14143
gardening,23448
history,5645
gardening,36800
interpersonal,7275
history,29151
fitness,1546
health,11860
history,35431
interpersonal,4131
cooking,23011
diy,68626
cooking,63839
gardening,21950
health,12824
mythology,1197
travel,100566
travel,100226
pets,3008
gardening,2544
fitness,7113
travel,118531
fitness,20950
parenting,18818
parenting,4546
sports,13831
pets,4355
cooking,22225
diy,87144
productivity,4897
history,39297
travel,81621
history,92
gardening,23810
buddhism,25093
gardening,35572
travel,51009
parenting,30348
parenting,11694
interpersonal,633
mythology,163
productivity,16835
fitness,27474
cooking,68192
health,10446
pets,16909
pets,9378
productivity,13707
health,10509
health,13059
travel,100433
diy,20533
health,10259
parenting,23723
parenting,28072
gardening,34970
health,3749
buddhism,8257
history,41694
productivity,18345
sports,14253
health,5866
interpersonal,14784
interpersonal,6680
travel,14170
interpersonal,8017
history,12189
interpersonal,3348
buddhism,8012
sports,5453
pets,20353
interpersonal,1913
travel,78462
pets,17614
health,7608
productivity,1103
history,14325
health,13905
cooking,91279
gardening,5445
interpersonal,4716
cooking,191
fitness,11503
pets,6828
buddhism,2934
productivity,6995
parenting,28990
travel,39259
sports,10369
mythology,4742
history,33530
diy,129997
outdoors,5214
outdoors,16911
productivity,9028
sports,18802
buddhism,11570
sports,7459
productivity,15423
travel,84755
productivity,830
cooking,27513
sports,4595
history,27158
interpersonal,2587
interpersonal,18056
parenting,26863
cooking,28314
diy,103080
buddhism,2504
gardening,4428
interpersonal,10239
outdoors,3678
sports,12657
interpersonal,3319
travel,85030
diy,129632
diy,115719
sports,4910
cooking,23661
sports,15430
diy,101532
mythology,32
productivity,3711
pets,13923
fitness,38117
travel,102821
health,16031
mythology,502
health,3803
fitness,18700
outdoors,4914
parenting,31433
sports,7190
outdoors,19172
gardening,34990
gardening,676
fitness,12752
health,3394
history,747
interpersonal,1057
fitness,3851
mythology,2999
gardening,20136
pets,1409
interpersonal,6321
history,10037
productivity,15640
interpersonal,9426
history,10195
health,14944
health,16931
history,17384
history,23368
buddhism,19995
outdoors,3467
interpersonal,14910
history,38584
outdoors,12931
cooking,40291
mythology,1542
gardening,9633
history,38170
travel,74132
outdoors,10746
parenting,1050
pets,15391
outdoors,7655
productivity,17651
cooking,84026
history,30674
fitness,12122
travel,52600
health,8881
diy,94335
productivity,976
travel,93633
health,11453
mythology,1484
buddhism,3736
outdoors,19960
travel,80278
history,17204
productivity,8499
travel,71479
parenting,12727
mythology,308
mythology,2129
history,12025
diy,49801
mythology,5042
parenting,6067
productivity,9735
outdoors,17233
sports,5116
fitness,33588
pets,15601
gardening,36851
gardening,19797
parenting,2884
cooking,22874
pets,17667
history,35062
mythology,3042
travel,38521
cooking,47195
buddhism,8067
cooking,81878
travel,113663
diy,13617
parenting,29561
gardening,5497
mythology,2410
cooking,17775
fitness,25468
interpersonal,8635
travel,56415
gardening,5152
productivity,14850
mythology,118
sports,12609
outdoors,13962
productivity,7938
buddhism,9426
gardening,19884
outdoors,6896
health,7598
diy,2369
cooking,67990
sports,2164
productivity,8920
history,230
outdoors,181
parenting,29053
outdoors,8173
sports,14602
diy,109907
diy,1987
parenting,761
buddhism,11379
sports,18675
outdoors,9448
interpersonal,11088
parenting,23599
interpersonal,6804
sports,18252
outdoors,7158
pets,10823
mythology,1221
interpersonal,2954
fitness,29071
interpersonal,17492
gardening,5642
interpersonal,13802
cooking,33858
mythology,2103
buddhism,3698
buddhism,8403
cooking,37256
health,12652
history,2123
travel,119296
history,15280
travel,17216
sports,14870
fitness,19755
sports,3030
outdoors,1417
travel,104619
fitness,30002
history,15483
interpersonal,3333
sports,16731
parenting,34535
travel,94891
mythology,3335
health,16166
parenting,32413
mythology,2771
outdoors,14446
diy,52947
gardening,30856
history,4506
mythology,1013
health,5533
pets,19267
travel,98803
sports,7062
gardening,14276
travel,47663
buddhism,11142
travel,44963
health,14362
pets,13774
mythology,3054
interpersonal,5004
interpersonal,4143
sports,9221
health,4873
parenting,27445
health,13484
cooking,82166
sports,10301
productivity,5865
mythology,3140
sports,17947
productivity,9791
health,4956
mythology,1639
mythology,3163
travel,74025
interpersonal,7337
pets,10018
pets,10658
cooking,89942
travel,43368
buddhism,1640
diy,5112
fitness,11659
travel,42817
diy,81197
productivity,7792
health,380
interpersonal,15454
pets,659
buddhism,24887
gardening,14401
pets,11916
travel,94732
interpersonal,16968
sports,2166
pets,16910
outdoors,5979
history,1396
cooking,46186
cooking,49731
outdoors,4329
mythology,4793
travel,103649
cooking,79440
pets,11297
sports,518
pets,17757
parenting,32908
outdoors,1528
health,10135
parenting,19292
parenting,7961
outdoors,14806
parenting,7184
cooking,29456
mythology,2672
cooking,33372
sports,3255
diy,134308
mythology,4653
pets,13633
mythology,75
health,16526
diy,107343
buddhism,20569
mythology,208
diy,91595
sports,15512
travel,41834
productivity,7188
mythology,4890
gardening,20561
interpersonal,3162
buddhism,24311
fitness,11839
outdoors,16143
parenting,24810
cooking,3047
interpersonal,10168
history,34712
travel,78409
interpersonal,14108
interpersonal,448
sports,12474
gardening,4242
buddhism,18240
health,1663
interpersonal,16620
pets,7419
outdoors,15820
travel,48970
parenting,12124
outdoors,11075
gardening,20440
sports,5053
gardening,27336
mythology,1210
diy,128913
travel,22881
parenting,29635
outdoors,7969
fitness,11684
mythology,1422
sports,16502
cooking,49071
productivity,565
gardening,24163
history,43622
interpersonal,18063
interpersonal,15658
sports,5728
travel,55419
cooking,75253
diy,38540
parenting,33837
productivity,10897
sports,17599
health,11114
fitness,18540
history,12064
sports,14815
history,17272
outdoors,9659
pets,9738
diy,88832
mythology,1884
parenting,5666
buddhism,2122
gardening,34574
cooking,35527
productivity,15051
travel,36656
buddhism,17823
parenting,30780
productivity,14351
travel,37517
productivity,14550
sports,8901
travel,111444
gardening,37128
pets,9395
cooking,9300
health,11597
travel,113325
buddhism,22984
interpersonal,924
gardening,27389
buddhism,12664
cooking,88111
outdoors,18098
buddhism,25432
cooking,86214
interpersonal,3361
history,39202
diy,111307
travel,47390
productivity,15539
interpersonal,5907
outdoors,13425
outdoors,19873
sports,18769
fitness,31860
parenting,7390
travel,106052
pets,13574
sports,12206
gardening,39012
outdoors,1242
outdoors,19924
health,9986
health,4152
pets,17659
history,34360
buddhism,15437
productivity,17812
history,5522
gardening,39638
buddhism,9491
travel,7530
health,11998
parenting,21970
outdoors,4242
outdoors,3830
health,3771
history,16686
buddhism,18046
gardening,8387
gardening,14531
cooking,23772
health,13807
mythology,745
history,34026
travel,90031
outdoors,17527
sports,13017
travel,76658
buddhism,9600
productivity,8780
outdoors,3286
diy,44995
parenting,22242
buddhism,19551
productivity,4247
gardening,4196
history,33775
health,15162
outdoors,7758
health,1209
outdoors,1424
travel,91690
diy,109563
parenting,939
sports,4686
buddhism,12199
productivity,13730
parenting,6586
buddhism,11565
travel,114725
parenting,7175
cooking,36541
cooking,32565
gardening,13328
outdoors,4098
fitness,32329
sports,7473
pets,8108
cooking,80831
sports,2624
outdoors,18646
productivity,4370
productivity,3740
fitness,5904
pets,10636
fitness,12867
parenting,23526
fitness,16238
history,47115
diy,129478
mythology,2822
interpersonal,864
mythology,1102
cooking,15021
outdoors,13402
parenting,21518
buddhism,2155
parenting,26696
outdoors,6483
travel,45022
productivity,13896
sports,9145
pets,2306
cooking,22275
pets,3213
travel,102316
buddhism,19133
buddhism,20756
sports,4287
buddhism,18630
interpersonal,11726
mythology,4905
parenting,34248
cooking,59933
fitness,32324
travel,81449
mythology,322
diy,4727
gardening,3213
cooking,68269
history,28836
travel,22587
outdoors,19210
diy,16706
interpersonal,16875
sports,10495
travel,72737
diy,109714
gardening,20665
mythology,948
productivity,7523
mythology,5091
interpersonal,15724
buddhism,14111
health,12565
outdoors,9329
mythology,4647
parenting,20101
parenting,32666
history,9951
travel,1542
buddhism,8351
outdoors,5618
sports,84
gardening,1418
pets,16600
gardening,41516
pets,7410
mythology,1572
pets,2931
gardening,33348
outdoors,14348
fitness,6636
fitness,16114
diy,72274
history,11706
outdoors,13645
interpersonal,226
mythology,3096
productivity,12489
health,12724
sports,18677
mythology,4593
history,10560
health,523
travel,44761
sports,20152
health,10225
buddhism,15086
health,8687
gardening,22428
mythology,637
health,5493
diy,136466
buddhism,25589
buddhism,12250
interpersonal,6941
travel,17976
outdoors,11735
diy,25296
outdoors,7020
health,9307
sports,16866
mythology,174
outdoors,5221
sports,3893
productivity,1786
mythology,3244
parenting,30749
parenting,16264
parenting,22874
travel,18354
buddhism,25374
cooking,36094
cooking,88897
pets,13557
health,8751
pets,15678
buddhism,7117
buddhism,26120
mythology,1428
buddhism,8504
sports,3208
cooking,56357
interpersonal,11525
gardening,1972
history,10709
parenting,5248
diy,79213
pets,7211
sports,4935
gardening,39206
sports,10791
productivity,9018
history,25611
diy,46079
cooking,11632
fitness,31599
parenting,6362
parenting,5177
diy,131760
travel,43914
outdoors,12976
pets,19029
interpersonal,5543
pets,18656
diy,108423
pets,11808
pets,5551
parenting,32725
gardening,33852
diy,76852
pets,780
interpersonal,14156
gardening,41509
pets,2407
outdoors,6168
parenting,3841
cooking,10876
pets,10241
buddhism,26772
parenting,24246
buddhism,23669
history,38548
fitness,29050
interpersonal,10551
diy,31713
outdoors,4520
buddhism,3377
sports,18598
fitness,32872
cooking,87059
travel,35490
travel,25292
sports,3723
outdoors,4702
outdoors,9183
cooking,68514
gardening,34419
parenting,12518
productivity,5235
interpersonal,5727
history,28369
productivity,17859
productivity,18520
health,11651
diy,143878
parenting,7443
outdoors,8615
interpersonal,4328
cooking,52339
mythology,3338
fitness,14069
pets,8054
interpersonal,6147
travel,92405
pets,316
sports,2253
outdoors,8314
interpersonal,11704
buddhism,25218
outdoors,1792
pets,20199
cooking,20690
parenting,22543
history,15363
mythology,874
travel,64479
cooking,18700
diy,131324
diy,105566
gardening,32604
mythology,3212
interpersonal,6476
cooking,35049
buddhism,25521
outdoors,19567
pets,2399
sports,15535
cooking,50075
gardening,37936
sports,15470
cooking,50335
sports,4650
gardening,35495
parenting,30056
parenting,16373
buddhism,26028
outdoors,18659
history,11698
outdoors,3668
fitness,25317
interpersonal,17147
health,11131
health,482
outdoors,18555
travel,113575
interpersonal,10049
interpersonal,6341
buddhism,3274
cooking,20599
interpersonal,5505
history,43561
pets,19566
parenting,11315
buddhism,23721
parenting,14348
pets,9712
outdoors,508
mythology,607
health,16352
diy,139861
gardening,24010
productivity,17263
diy,64577
productivity,2359
outdoors,18888
travel,94391
fitness,7374
buddhism,7646
buddhism,8707
parenting,7153
cooking,1056
history,20833
parenting,22293
health,13518
history,35546
outdoors,19672
buddhism,8030
sports,15966
pets,12404
outdoors,16230
gardening,37306
parenting,18753
cooking,5964
history,20484
gardening,22156
buddhism,21670
buddhism,3280
interpersonal,4
fitness,29835
outdoors,10066
fitness,36434
interpersonal,17229
mythology,3221
travel,56050
sports,3800
diy,3714
sports,16279
productivity,12660
pets,8008
gardening,18201
cooking,62247
history,34465
outdoors,11150
history,43069
sports,2534
parenting,18373
gardening,18007
pets,13540
travel,89730
health,452
health,15475
parenting,19843
interpersonal,10228
gardening,27004
gardening,2777
history,34859
diy,131848
fitness,16671
cooking,87824
outdoors,8209
mythology,1173
health,17064
mythology,2332
cooking,66810
travel,5755
pets,19519
buddhism,19331
sports,3307
diy,63921
history,26263
health,5159
gardening,16239
history,12242
travel,107482
pets,1379
productivity,380
buddhism,5262
health,3871
cooking,27796
gardening,33510
diy,146123
cooking,76704
health,7488
cooking,44209
productivity,9225
sports,14743
parenting,14691
buddhism,3386
interpersonal,4545
productivity,3658
sports,13663
history,211
mythology,1855
gardening,31337
travel,9175
travel,23831
diy,6818
mythology,2662
sports,16630
mythology,4708
buddhism,21776
mythology,2494
outdoors,9735
cooking,30168
interpersonal,85
history,8210
outdoors,5438
mythology,3407
sports,12729
diy,98862
fitness,31967
diy,39359
parenting,27613
history,47080
parenting,24215
cooking,28587
fitness,27516
gardening,3888
health,14025
health,7254
sports,16028
history,30601
diy,44150
travel,45390
outdoors,17170
interpersonal,17915
gardening,41459
travel,115941
pets,16735
mythology,2411
diy,39847
outdoors,20056
productivity,1930
history,40666
outdoors,3898
diy,143860
productivity,8444
parenting,18956
buddhism,12618
interpersonal,4233
interpersonal,7116
gardening,3192
diy,46378
outdoors,13123
interpersonal,544
buddhism,15051
pets,6988
sports,2354
productivity,9678
gardening,39185
diy,144403
pets,5877
outdoors,2982
outdoors,19830
mythology,621
interpersonal,9131
history,2271
parenting,11790
pets,21170
mythology,2649
interpersonal,11226
pets,20553
buddhism,9765
interpersonal,17309
sports,10322
gardening,1589
health,12694
interpersonal,8873
productivity,3805
buddhism,28638
travel,59341
sports,17068
travel,94158
history,22841
interpersonal,7152
diy,40599
diy,80181
sports,11940
history,27855
fitness,18786
gardening,5219
parenting,29799
mythology,1769
buddhism,5370
parenting,20724
cooking,16663
interpersonal,138
productivity,280
gardening,33429
parenting,21217
sports,14538
health,5239
outdoors,8419
health,17312
interpersonal,4294
travel,86410
gardening,30814
history,21348
parenting,3280
productivity,5246
cooking,52331
pets,4371
diy,145838
cooking,30111
productivity,1051
interpersonal,814
interpersonal,9970
pets,7798
interpersonal,4204
travel,46871
diy,66890
pets,765
history,45224
cooking,75568
travel,18555
pets,2210
parenting,6420
fitness,8193
buddhism,12262
parenting,26977
fitness,15045
pets,16885
fitness,13251
interpersonal,10914
fitness,4990
gardening,1568
fitness,15790
fitness,14097
cooking,85015
sports,4492
travel,98302
parenting,24416
gardening,15043
health,15409
productivity,8030
interpersonal,8433
health,1756
buddhism,3127
pets,15983
pets,18457
parenting,2250
fitness,13405
health,16809
parenting,26799
fitness,27798
mythology,1959
fitness,1124
travel,99171
cooking,6127
gardening,22874
outdoors,16652
parenting,23286
interpersonal,178
pets,21074
mythology,3337
mythology,2764
cooking,62387
buddhism,6033
buddhism,10751
health,10154
travel,72189
gardening,34263
productivity,16984
parenting,27897
fitness,33211
parenting,11022
mythology,3422
cooking,45888
travel,31083
interpersonal,5553
pets,20533
diy,141420
cooking,51802
parenting,16450
outdoors,6698
history,8571
interpersonal,16061
health,9201
mythology,3237
parenting,18829
buddhism,7181
diy,80995
cooking,40747
pets,1149
outdoors,10939
mythology,3253
fitness,5972
health,4766
buddhism,3255
mythology,3110
productivity,5316
gardening,19517
health,12866
interpersonal,15358
sports,2343
mythology,4881
productivity,1445
interpersonal,9313
diy,81086
productivity,15277
travel,102638
outdoors,9820
history,20729
sports,15919
history,39438
travel,121108
travel,5993
history,17598
pets,7878
mythology,205
pets,1454
fitness,3522
diy,86122
interpersonal,8380
fitness,36642
health,15235
buddhism,9762
productivity,12109
history,27430
gardening,37983
gardening,41387
history,41312
parenting,19245
gardening,27075
outdoors,11868
outdoors,18657
buddhism,23337
fitness,36605
outdoors,14960
travel,23783
sports,2878
buddhism,7386
diy,30025
diy,113952
mythology,644
travel,27842
gardening,14624
health,10153
cooking,47557
diy,83056
health,10846
outdoors,3558
mythology,2440
cooking,18941
productivity,12596
cooking,715
diy,122358
interpersonal,16182
pets,15017
pets,13723
health,7122
cooking,10689
parenting,1239
gardening,5021
pets,2905
mythology,3158
gardening,14461
fitness,2611
interpersonal,8589
mythology,3249
diy,106625
diy,139692
sports,4633
diy,140458
gardening,39472
interpersonal,1567
travel,39153
mythology,2383
cooking,32832
parenting,5218
pets,7358
fitness,28056
sports,10500
mythology,3445
health,15682
history,651
productivity,12583
outdoors,14950
parenting,6848
fitness,676
parenting,7506
travel,13201
fitness,2069
fitness,16195
travel,52856
diy,106645
health,1263
health,17113
outdoors,6222
pets,9322
parenting,19191
interpersonal,13517
health,13007
parenting,22269
buddhism,13436
fitness,28742
pets,216
buddhism,21430
gardening,33672
fitness,11901
diy,84566
parenting,11340
productivity,14200
outdoors,4435
buddhism,24552
sports,14642
interpersonal,1952
sports,17376
history,41935
outdoors,1363
gardening,29496
buddhism,18763
sports,5508
sports,17064
buddhism,9359
fitness,17831
travel,91603
health,9326
outdoors,14764
productivity,17374
cooking,7836
outdoors,6046
buddhism,22238
buddhism,12691
travel,80251
cooking,19577
fitness,33157
sports,18758
cooking,20687
history,30894
parenting,12678
productivity,7515
pets,9498
interpersonal,3075
interpersonal,15016
health,4442
history,38760
outdoors,851
history,561
mythology,2789
interpersonal,2217
gardening,26410
parenting,14611
